{
  "bombinhas": [
    -27.1519159,
    -48.4875691
  ],
  "balneario camboriu": [
    -26.9924395,
    -48.6339782
  ],
  "picarras": [
    -26.7638889,
    -48.6716667
  ],
  "penha": [
    -26.775418,
    -48.6465251
  ],
  "porto belo": [
    -27.1542415,
    -48.5424395
  ],
  "ilhota": [
    -26.9022824,
    -48.8284968
  ],
  "itajai": [
    -26.9046787,
    -48.6552979
  ],
  "itapema": [
    -27.09472,
    -48.6137778
  ],
  "navegantes": [
    -26.8898813,
    -48.6495828
  ],
  "tijucas": [
    -27.239404,
    -48.6353696
  ],
  "bom retiro do sul": [
    -27.1257683,
    -52.6946191
  ],
  "barra velha": [
    -26.6338203,
    -48.6835001
  ],
  "brusque": [
    -27.0964628,
    -48.9136323
  ],
  "gaspar": [
    -26.9307306,
    -48.9566824
  ],
  "blumenau": [
    -26.9195567,
    -49.0658025
  ],
  "pomerode": [
    -26.7356218,
    -49.1770095
  ],
  "botuvera": [
    -27.1990695,
    -49.0726471
  ],
  "guabiruba": [
    -27.0864326,
    -48.9781319
  ],
  "luiz alves": [
    -26.7118577,
    -48.9126756
  ],
  "agronomica": [
    -27.2660744,
    -49.7104753
  ],
  "dona emma": [
    -26.9849398,
    -49.7265136
  ],
  "mirim doce": [
    -27.2003527,
    -50.0697185
  ],
  "doutor pedrinho": [
    -26.716408,
    -49.482726
  ],
  "witmarsum": [
    -26.927487,
    -49.794675
  ],
  "canelinha": [
    -27.2660341,
    -48.7666708
  ],
  "benedito novo": [
    -26.7840657,
    -49.3629511
  ],
  "leoberto leal": [
    -27.5071209,
    -49.2871979
  ],
  "indaial": [
    -26.8901747,
    -49.2416736
  ],
  "timbo": [
    -26.8282737,
    -49.270641
  ],
  "ibirama": [
    -27.0537021,
    -49.5190771
  ],
  "apiuna": [
    -27.0374658,
    -49.3885037
  ],
  "rodeio": [
    -26.9233304,
    -49.3685354
  ],
  "rio dos cedros": [
    -26.739777,
    -49.271828
  ],
  "chapadao do lageado": [
    -27.590507,
    -49.553879
  ],
  "ascurra": [
    -26.9569975,
    -49.3767752
  ],
  "laurentino": [
    -27.2193231,
    -49.7322856
  ],
  "nova trento": [
    -27.2862616,
    -48.9302652
  ],
  "imbuia": [
    -27.49082,
    -49.421766
  ],
  "lontras": [
    -27.1679891,
    -49.5424602
  ],
  "vidal ramos": [
    -27.3908814,
    -49.3615664
  ],
  "jose boiteux": [
    -26.962072,
    -49.6262509
  ],
  "rio do campo": [
    -26.946807,
    -50.1412936
  ],
  "agrolandia": [
    -27.4120688,
    -49.8294621
  ],
  "atlanta": [
    -28.7146507,
    -49.4570436
  ],
  "petrolandia": [
    -27.5329615,
    -49.6984597
  ],
  "presidente nereu": [
    -27.278277,
    -49.3890424
  ],
  "braco do trombudo": [
    -27.358578,
    -49.882145
  ],
  "trombudo central": [
    -27.3040981,
    -49.79316
  ],
  "rio do oeste": [
    -27.193267,
    -49.7984595
  ],
  "pouso redondo": [
    -27.2567443,
    -49.9331593
  ],
  "salete": [
    -26.9841891,
    -50.0076205
  ],
  "presidente getulio": [
    -27.0426247,
    -49.6210429
  ],
  "taio": [
    -27.1167574,
    -50.0002159
  ],
  "aurora": [
    -27.3166417,
    -49.6368502
  ],
  "santa terezinha": [
    -26.7825834,
    -50.0058788
  ],
  "sao joao batista": [
    -27.277547,
    -48.8496101
  ]
}